Filename,Mode,AvgTimeElapsed,Flipped,RunNumber50p,AvgFlippedPerRun,AvgFlippedPerRunPercentage
breastw,Default,0.32635811680000004,80,4,20.184489795918367,0.029552693698269936
breastw,Optimal,0.3135202867,99,4,27.516734693877552,0.04028804493979144
breastw,Fast,0.38167002835999997,124,3,34.91510204081633,0.05112020796605612
