Filename,Mode,AvgTimeElapsed,Flipped,RunNumber50p,AvgFlippedPerRun,AvgFlippedPerRunPercentage
breastw,Default,0.17953318916,383,3,109.67836734693877,0.16058326112289717
breastw,Optimal,0.02094459414,258,3,73.87510204081633,0.10816266770251293
breastw,Fast,-1.0,258,3,73.87510204081633,0.10816266770251293
